prompt PL/SQL Developer import file
prompt Created on viernes, 26 de febrero de 2010 by mjara
set feedback off
set define off
prompt Disabling triggers for BANCO...
alter table BANCO disable all triggers;
prompt Disabling triggers for CAB...
alter table CAB disable all triggers;
prompt Disabling triggers for CABECERA...
alter table CABECERA disable all triggers;
prompt Disabling triggers for CAJA...
alter table CAJA disable all triggers;
prompt Disabling triggers for CARGO...
alter table CARGO disable all triggers;
prompt Disabling triggers for CIUDAD...
alter table CIUDAD disable all triggers;
prompt Disabling triggers for CLIENTE...
alter table CLIENTE disable all triggers;
prompt Disabling triggers for TIPO_PRODUCTO...
alter table TIPO_PRODUCTO disable all triggers;
prompt Disabling triggers for UNIDAD_MEDIDA...
alter table UNIDAD_MEDIDA disable all triggers;
prompt Disabling triggers for MARCA...
alter table MARCA disable all triggers;
prompt Disabling triggers for PRESENTACION...
alter table PRESENTACION disable all triggers;
prompt Disabling triggers for PRODUCTO...
alter table PRODUCTO disable all triggers;
prompt Disabling triggers for COMISION...
alter table COMISION disable all triggers;
prompt Disabling triggers for SECCION...
alter table SECCION disable all triggers;
prompt Disabling triggers for EMPLEADO...
alter table EMPLEADO disable all triggers;
prompt Disabling triggers for COMISION_MENS_CAB...
alter table COMISION_MENS_CAB disable all triggers;
prompt Disabling triggers for COMISION_MENS_DET...
alter table COMISION_MENS_DET disable all triggers;
prompt Disabling triggers for ORDEN_TRABAJO...
alter table ORDEN_TRABAJO disable all triggers;
prompt Disabling triggers for COSTOS_FIJOS...
alter table COSTOS_FIJOS disable all triggers;
prompt Disabling triggers for DEPOSITO...
alter table DEPOSITO disable all triggers;
prompt Disabling triggers for DET...
alter table DET disable all triggers;
prompt Disabling triggers for DETALLE...
alter table DETALLE disable all triggers;
prompt Disabling triggers for DET2...
alter table DET2 disable all triggers;
prompt Disabling triggers for SOLICITUD_INTERNA...
alter table SOLICITUD_INTERNA disable all triggers;
prompt Disabling triggers for ENTRADA_SALIDA_CABECERA...
alter table ENTRADA_SALIDA_CABECERA disable all triggers;
prompt Disabling triggers for ENTRADA_SALIDA_DETALLE...
alter table ENTRADA_SALIDA_DETALLE disable all triggers;
prompt Disabling triggers for EXISTENCIA...
alter table EXISTENCIA disable all triggers;
prompt Disabling triggers for TIPO_COMPROBANTE...
alter table TIPO_COMPROBANTE disable all triggers;
prompt Disabling triggers for PEDIDO_CABECERA...
alter table PEDIDO_CABECERA disable all triggers;
prompt Disabling triggers for FACTURA_CABECERA...
alter table FACTURA_CABECERA disable all triggers;
prompt Disabling triggers for PROVEEDOR...
alter table PROVEEDOR disable all triggers;
prompt Disabling triggers for FACTURA_COMPRA_CAB...
alter table FACTURA_COMPRA_CAB disable all triggers;
prompt Disabling triggers for FACTURA_COMPRA_DET...
alter table FACTURA_COMPRA_DET disable all triggers;
prompt Disabling triggers for FACTURA_DETALLE...
alter table FACTURA_DETALLE disable all triggers;
prompt Disabling triggers for FORMA_PAGO...
alter table FORMA_PAGO disable all triggers;
prompt Disabling triggers for FORMULA_CABECERA...
alter table FORMULA_CABECERA disable all triggers;
prompt Disabling triggers for FORMULA_DETALLE...
alter table FORMULA_DETALLE disable all triggers;
prompt Disabling triggers for FORMULA_SEMI_CABECERA...
alter table FORMULA_SEMI_CABECERA disable all triggers;
prompt Disabling triggers for FORMULA_SEMI_DETALLE...
alter table FORMULA_SEMI_DETALLE disable all triggers;
prompt Disabling triggers for HABILITACION_CAJA...
alter table HABILITACION_CAJA disable all triggers;
prompt Disabling triggers for GASTO...
alter table GASTO disable all triggers;
prompt Disabling triggers for HISTORICO_COSTO...
alter table HISTORICO_COSTO disable all triggers;
prompt Disabling triggers for HISTORICO_PRECIO...
alter table HISTORICO_PRECIO disable all triggers;
prompt Disabling triggers for INVENTARIO_CABECERA...
alter table INVENTARIO_CABECERA disable all triggers;
prompt Disabling triggers for INVENTARIO_DETALLE...
alter table INVENTARIO_DETALLE disable all triggers;
prompt Disabling triggers for RECIBO_CABECERA...
alter table RECIBO_CABECERA disable all triggers;
prompt Disabling triggers for MOVIMIENTO_CAJA_CABECERA...
alter table MOVIMIENTO_CAJA_CABECERA disable all triggers;
prompt Disabling triggers for MOVIMIENTO_CAJA_DETALLE...
alter table MOVIMIENTO_CAJA_DETALLE disable all triggers;
prompt Disabling triggers for NOTA_CREDITO_CLI_CABECERA...
alter table NOTA_CREDITO_CLI_CABECERA disable all triggers;
prompt Disabling triggers for NOTA_CREDITO_CLI_DETALLE...
alter table NOTA_CREDITO_CLI_DETALLE disable all triggers;
prompt Disabling triggers for NOTA_CREDITO_PROV_CAB...
alter table NOTA_CREDITO_PROV_CAB disable all triggers;
prompt Disabling triggers for NOTA_CREDITO_PROV_DET...
alter table NOTA_CREDITO_PROV_DET disable all triggers;
prompt Disabling triggers for ORDEN_TRABAJO_DETALLE...
alter table ORDEN_TRABAJO_DETALLE disable all triggers;
prompt Disabling triggers for PEDIDO_DETALLE...
alter table PEDIDO_DETALLE disable all triggers;
prompt Disabling triggers for PERDIDA...
alter table PERDIDA disable all triggers;
prompt Disabling triggers for TAREA...
alter table TAREA disable all triggers;
prompt Disabling triggers for TAREA_ASIGNADA...
alter table TAREA_ASIGNADA disable all triggers;
prompt Disabling triggers for PRODUCCION_DIARIA...
alter table PRODUCCION_DIARIA disable all triggers;
prompt Disabling triggers for RECIBO_DETALLE...
alter table RECIBO_DETALLE disable all triggers;
prompt Disabling triggers for RECURSO_ASIGNADO...
alter table RECURSO_ASIGNADO disable all triggers;
prompt Disabling triggers for SALDO_CLIENTE...
alter table SALDO_CLIENTE disable all triggers;
prompt Disabling triggers for TAREA_FORMULA...
alter table TAREA_FORMULA disable all triggers;
prompt Disabling foreign key constraints for CLIENTE...
alter table CLIENTE disable constraint FK_CLI_CIU;
prompt Disabling foreign key constraints for PRODUCTO...
alter table PRODUCTO disable constraint PRODUCTO_FK4;
alter table PRODUCTO disable constraint PRODUCTO_MARCA_FK;
alter table PRODUCTO disable constraint PRODUCTO_PRESENTACION;
alter table PRODUCTO disable constraint PRODUCTO_UNIDAD_MEDIDA;
prompt Disabling foreign key constraints for COMISION...
alter table COMISION disable constraint FK_COMISION_PRODUCTO;
prompt Disabling foreign key constraints for EMPLEADO...
alter table EMPLEADO disable constraint EMPLEADO_CARGO_FK2;
alter table EMPLEADO disable constraint EMPLEADO_SECCION_FK3;
prompt Disabling foreign key constraints for COMISION_MENS_CAB...
alter table COMISION_MENS_CAB disable constraint COMISION_MENS_CAB_FK;
prompt Disabling foreign key constraints for COMISION_MENS_DET...
alter table COMISION_MENS_DET disable constraint FK_COMISION_MENS_CABDET;
alter table COMISION_MENS_DET disable constraint FK_COMISION_MENS_DET_PROD;
prompt Disabling foreign key constraints for ORDEN_TRABAJO...
alter table ORDEN_TRABAJO disable constraint ORDEN_TRABAJO_EMPLEADO_FK2;
alter table ORDEN_TRABAJO disable constraint ORDEN_TRABAJO_EMPLEADO_FK3;
alter table ORDEN_TRABAJO disable constraint ORDEN_TRABAJO_PRODUCTO_FK;
prompt Disabling foreign key constraints for COSTOS_FIJOS...
alter table COSTOS_FIJOS disable constraint COSTOS_FIJOS_OT_FK;
prompt Disabling foreign key constraints for DET...
alter table DET disable constraint FK_DET_CAB;
prompt Disabling foreign key constraints for DETALLE...
alter table DETALLE disable constraint CAB_DET;
prompt Disabling foreign key constraints for DET2...
alter table DET2 disable constraint FK_DET2_CAB;
prompt Disabling foreign key constraints for SOLICITUD_INTERNA...
alter table SOLICITUD_INTERNA disable constraint FK_SOLICITUD_PRODUCTO;
alter table SOLICITUD_INTERNA disable constraint SOLICITUD_EMPLEADO;
prompt Disabling foreign key constraints for ENTRADA_SALIDA_CABECERA...
alter table ENTRADA_SALIDA_CABECERA disable constraint ENT_SAL_DEPOSITO_FK;
alter table ENTRADA_SALIDA_CABECERA disable constraint ENT_SAL_EMPLEADO_FK;
alter table ENTRADA_SALIDA_CABECERA disable constraint ENT_SAL_ENCARGADO_FK;
alter table ENTRADA_SALIDA_CABECERA disable constraint FK_ENT_SAL_CABECERA_SOLICITUD;
prompt Disabling foreign key constraints for ENTRADA_SALIDA_DETALLE...
alter table ENTRADA_SALIDA_DETALLE disable constraint CAB_DET_ENT_SAL;
alter table ENTRADA_SALIDA_DETALLE disable constraint ENT_SAL_PRODUCTO;
prompt Disabling foreign key constraints for EXISTENCIA...
alter table EXISTENCIA disable constraint EXISTENCIA_DEPOSITO_FK;
alter table EXISTENCIA disable constraint EXISTENCIA_PRODUCTO_FK;
prompt Disabling foreign key constraints for PEDIDO_CABECERA...
alter table PEDIDO_CABECERA disable constraint FK_PEDIDOCAB_TIPCOMPRO;
alter table PEDIDO_CABECERA disable constraint PEDIDO_CLIENTE_FK;
alter table PEDIDO_CABECERA disable constraint PEDIDO_EMPLEADO_FK;
prompt Disabling foreign key constraints for FACTURA_CABECERA...
alter table FACTURA_CABECERA disable constraint FACTURA_CABECERA_FK3;
alter table FACTURA_CABECERA disable constraint FACTURA_CLIENTE_FK;
alter table FACTURA_CABECERA disable constraint FACTURA_PEDIDO_FK;
alter table FACTURA_CABECERA disable constraint FK_FACTURACAB_TIPCOMPRO;
prompt Disabling foreign key constraints for FACTURA_COMPRA_CAB...
alter table FACTURA_COMPRA_CAB disable constraint FACTURA_COMPRA_CAB_PROV;
alter table FACTURA_COMPRA_CAB disable constraint FK_FACCOMCAB_TIPCOMPRO;
alter table FACTURA_COMPRA_CAB disable constraint FK_FACTURA_COMPRA_CAB_ENTSAL;
alter table FACTURA_COMPRA_CAB disable constraint FK_FACTURA_COMPRA_CAB_SOL;
prompt Disabling foreign key constraints for FACTURA_COMPRA_DET...
alter table FACTURA_COMPRA_DET disable constraint FK_COMPRA_DET_SOLICITUD;
alter table FACTURA_COMPRA_DET disable constraint FK_FACTURA_COMPRA_DET_CAB;
alter table FACTURA_COMPRA_DET disable constraint FK_FACTURA_COMPRA_DET_PROD;
prompt Disabling foreign key constraints for FACTURA_DETALLE...
alter table FACTURA_DETALLE disable constraint FACTURA_DETALLE_FK;
alter table FACTURA_DETALLE disable constraint FACTURA_PRODUCTO_FK;
prompt Disabling foreign key constraints for FORMA_PAGO...
alter table FORMA_PAGO disable constraint FORMA_PAGO_BANCO_FK;
prompt Disabling foreign key constraints for FORMULA_CABECERA...
alter table FORMULA_CABECERA disable constraint FORMULA_PRODUCTO;
prompt Disabling foreign key constraints for FORMULA_DETALLE...
alter table FORMULA_DETALLE disable constraint FORMULA_CABECERA_DETALLE;
alter table FORMULA_DETALLE disable constraint FORMULA_DETALLE_FK2;
prompt Disabling foreign key constraints for FORMULA_SEMI_CABECERA...
alter table FORMULA_SEMI_CABECERA disable constraint FORMULA_SEMI_CAB_PRODUC_FK;
prompt Disabling foreign key constraints for FORMULA_SEMI_DETALLE...
alter table FORMULA_SEMI_DETALLE disable constraint FORMULA_SEMI_CAB_DET_FK;
alter table FORMULA_SEMI_DETALLE disable constraint FORMULA_SEMI_DET_PROD_FK;
prompt Disabling foreign key constraints for HABILITACION_CAJA...
alter table HABILITACION_CAJA disable constraint HABILITACION_CAJA_CAJA_FK;
alter table HABILITACION_CAJA disable constraint HABILITACION_CAJA_EMPLEADO_FK;
alter table HABILITACION_CAJA disable constraint HABILITACION_CAJA_RESP_FK;
prompt Disabling foreign key constraints for GASTO...
alter table GASTO disable constraint GASTO_EMPLEADO;
alter table GASTO disable constraint GASTO_HAB_CAJA_FK;
prompt Disabling foreign key constraints for HISTORICO_COSTO...
alter table HISTORICO_COSTO disable constraint FK_HISTORICO_COSTO_PRODUCTO;
prompt Disabling foreign key constraints for HISTORICO_PRECIO...
alter table HISTORICO_PRECIO disable constraint FK_HISTORICO_PRECIO_PRODUCTO;
prompt Disabling foreign key constraints for INVENTARIO_CABECERA...
alter table INVENTARIO_CABECERA disable constraint INVENTARIO_CABECERA_FK;
prompt Disabling foreign key constraints for INVENTARIO_DETALLE...
alter table INVENTARIO_DETALLE disable constraint INVENTARIO_ CAB_DETALLE_FK2;
alter table INVENTARIO_DETALLE disable constraint INVENTARIO_DETALLE_PRODUCTO;
prompt Disabling foreign key constraints for RECIBO_CABECERA...
alter table RECIBO_CABECERA disable constraint RECIBO_CLIENTE_FK;
prompt Disabling foreign key constraints for MOVIMIENTO_CAJA_CABECERA...
alter table MOVIMIENTO_CAJA_CABECERA disable constraint MOVIMIENTO_CAJA_EMPLEADO_FK3;
alter table MOVIMIENTO_CAJA_CABECERA disable constraint MOVIMIENTO_CAJA_HAB_CAJA_FK;
alter table MOVIMIENTO_CAJA_CABECERA disable constraint MOVIMIENTO_CAJA_RECIBO_FK2;
prompt Disabling foreign key constraints for MOVIMIENTO_CAJA_DETALLE...
alter table MOVIMIENTO_CAJA_DETALLE disable constraint MOV_CAJA_CAB_DET_FK;
alter table MOVIMIENTO_CAJA_DETALLE disable constraint MOV_CAJA_FORMA_PAGO_FK;
prompt Disabling foreign key constraints for NOTA_CREDITO_CLI_CABECERA...
alter table NOTA_CREDITO_CLI_CABECERA disable constraint NOTA_CREDITO_CLI_CLIENTE;
alter table NOTA_CREDITO_CLI_CABECERA disable constraint NOTA_CREDITO_CLI_EMPLEADO;
alter table NOTA_CREDITO_CLI_CABECERA disable constraint NOTA_CREDITO_CLI_FACTURA;
prompt Disabling foreign key constraints for NOTA_CREDITO_CLI_DETALLE...
alter table NOTA_CREDITO_CLI_DETALLE disable constraint NOTA_CREDITO_CLI_DETALLE_FK;
alter table NOTA_CREDITO_CLI_DETALLE disable constraint NOTA_CREDITO_CLI_PRODUCTO_FK;
prompt Disabling foreign key constraints for NOTA_CREDITO_PROV_CAB...
alter table NOTA_CREDITO_PROV_CAB disable constraint FK_NOTA_CREDITO_PROV_CAB_FAC;
alter table NOTA_CREDITO_PROV_CAB disable constraint FK_NOT_CRE_PROV_CAB_PROV;
prompt Disabling foreign key constraints for NOTA_CREDITO_PROV_DET...
alter table NOTA_CREDITO_PROV_DET disable constraint FK_NOTA_CREDITO_PROV_DETCAB;
alter table NOTA_CREDITO_PROV_DET disable constraint NOTA_CRED_PROV_DET_PRODUCTO_FK;
prompt Disabling foreign key constraints for ORDEN_TRABAJO_DETALLE...
alter table ORDEN_TRABAJO_DETALLE disable constraint OT_CAB_DETALLE_FK;
alter table ORDEN_TRABAJO_DETALLE disable constraint OT_DET_EMPLEADO_FK2;
alter table ORDEN_TRABAJO_DETALLE disable constraint OT_DET_PRODUCTO_FK;
prompt Disabling foreign key constraints for PEDIDO_DETALLE...
alter table PEDIDO_DETALLE disable constraint PEDIDO_DETALLE_FK;
alter table PEDIDO_DETALLE disable constraint PEDIDO_PRODUCTO_FK;
prompt Disabling foreign key constraints for PERDIDA...
alter table PERDIDA disable constraint PERDIDA_EMPLEADO_FK;
alter table PERDIDA disable constraint PERDIDA_PRODUCTO_FK;
prompt Disabling foreign key constraints for TAREA_ASIGNADA...
alter table TAREA_ASIGNADA disable constraint FK_TAREA_ASIGNADA;
alter table TAREA_ASIGNADA disable constraint FK_TAREA_ASIGNADA_DET_OT;
alter table TAREA_ASIGNADA disable constraint FK_TAREA_ASIGNADA_EMP;
prompt Disabling foreign key constraints for PRODUCCION_DIARIA...
alter table PRODUCCION_DIARIA disable constraint FK_PRODUCCION_DIARIA_EMPLEADO;
alter table PRODUCCION_DIARIA disable constraint FK_PRODUCCION_DIARIA_TAREA;
prompt Disabling foreign key constraints for RECIBO_DETALLE...
alter table RECIBO_DETALLE disable constraint RECIBO_DETALLE_CAB_FK;
alter table RECIBO_DETALLE disable constraint RECIBO_DETALLE_FACTURA_FK;
alter table RECIBO_DETALLE disable constraint RECIBO_DETALLE_NOTA_CRED_FK;
prompt Disabling foreign key constraints for RECURSO_ASIGNADO...
alter table RECURSO_ASIGNADO disable constraint FK_RECURSO_ASIGNADO_OT_DET;
alter table RECURSO_ASIGNADO disable constraint FK_RECURSO_ASIGNADO_PRODUCTO;
prompt Disabling foreign key constraints for SALDO_CLIENTE...
alter table SALDO_CLIENTE disable constraint SALDO_CLIENTE_FK;
prompt Disabling foreign key constraints for TAREA_FORMULA...
alter table TAREA_FORMULA disable constraint TAREA_FORMULA_DET_FK;
alter table TAREA_FORMULA disable constraint TAREA_FORMULA_FK;
prompt Deleting TAREA_FORMULA...
delete from TAREA_FORMULA;
commit;
prompt Deleting SALDO_CLIENTE...
delete from SALDO_CLIENTE;
commit;
prompt Deleting RECURSO_ASIGNADO...
delete from RECURSO_ASIGNADO;
commit;
prompt Deleting RECIBO_DETALLE...
delete from RECIBO_DETALLE;
commit;
prompt Deleting PRODUCCION_DIARIA...
delete from PRODUCCION_DIARIA;
commit;
prompt Deleting TAREA_ASIGNADA...
delete from TAREA_ASIGNADA;
commit;
prompt Deleting TAREA...
delete from TAREA;
commit;
prompt Deleting PERDIDA...
delete from PERDIDA;
commit;
prompt Deleting PEDIDO_DETALLE...
delete from PEDIDO_DETALLE;
commit;
prompt Deleting ORDEN_TRABAJO_DETALLE...
delete from ORDEN_TRABAJO_DETALLE;
commit;
prompt Deleting NOTA_CREDITO_PROV_DET...
delete from NOTA_CREDITO_PROV_DET;
commit;
prompt Deleting NOTA_CREDITO_PROV_CAB...
delete from NOTA_CREDITO_PROV_CAB;
commit;
prompt Deleting NOTA_CREDITO_CLI_DETALLE...
delete from NOTA_CREDITO_CLI_DETALLE;
commit;
prompt Deleting NOTA_CREDITO_CLI_CABECERA...
delete from NOTA_CREDITO_CLI_CABECERA;
commit;
prompt Deleting MOVIMIENTO_CAJA_DETALLE...
delete from MOVIMIENTO_CAJA_DETALLE;
commit;
prompt Deleting MOVIMIENTO_CAJA_CABECERA...
delete from MOVIMIENTO_CAJA_CABECERA;
commit;
prompt Deleting RECIBO_CABECERA...
delete from RECIBO_CABECERA;
commit;
prompt Deleting INVENTARIO_DETALLE...
delete from INVENTARIO_DETALLE;
commit;
prompt Deleting INVENTARIO_CABECERA...
delete from INVENTARIO_CABECERA;
commit;
prompt Deleting HISTORICO_PRECIO...
delete from HISTORICO_PRECIO;
commit;
prompt Deleting HISTORICO_COSTO...
delete from HISTORICO_COSTO;
commit;
prompt Deleting GASTO...
delete from GASTO;
commit;
prompt Deleting HABILITACION_CAJA...
delete from HABILITACION_CAJA;
commit;
prompt Deleting FORMULA_SEMI_DETALLE...
delete from FORMULA_SEMI_DETALLE;
commit;
prompt Deleting FORMULA_SEMI_CABECERA...
delete from FORMULA_SEMI_CABECERA;
commit;
prompt Deleting FORMULA_DETALLE...
delete from FORMULA_DETALLE;
commit;
prompt Deleting FORMULA_CABECERA...
delete from FORMULA_CABECERA;
commit;
prompt Deleting FORMA_PAGO...
delete from FORMA_PAGO;
commit;
prompt Deleting FACTURA_DETALLE...
delete from FACTURA_DETALLE;
commit;
prompt Deleting FACTURA_COMPRA_DET...
delete from FACTURA_COMPRA_DET;
commit;
prompt Deleting FACTURA_COMPRA_CAB...
delete from FACTURA_COMPRA_CAB;
commit;
prompt Deleting PROVEEDOR...
delete from PROVEEDOR;
commit;
prompt Deleting FACTURA_CABECERA...
delete from FACTURA_CABECERA;
commit;
prompt Deleting PEDIDO_CABECERA...
delete from PEDIDO_CABECERA;
commit;
prompt Deleting TIPO_COMPROBANTE...
delete from TIPO_COMPROBANTE;
commit;
prompt Deleting EXISTENCIA...
delete from EXISTENCIA;
commit;
prompt Deleting ENTRADA_SALIDA_DETALLE...
delete from ENTRADA_SALIDA_DETALLE;
commit;
prompt Deleting ENTRADA_SALIDA_CABECERA...
delete from ENTRADA_SALIDA_CABECERA;
commit;
prompt Deleting SOLICITUD_INTERNA...
delete from SOLICITUD_INTERNA;
commit;
prompt Deleting DET2...
delete from DET2;
commit;
prompt Deleting DETALLE...
delete from DETALLE;
commit;
prompt Deleting DET...
delete from DET;
commit;
prompt Deleting DEPOSITO...
delete from DEPOSITO;
commit;
prompt Deleting COSTOS_FIJOS...
delete from COSTOS_FIJOS;
commit;
prompt Deleting ORDEN_TRABAJO...
delete from ORDEN_TRABAJO;
commit;
prompt Deleting COMISION_MENS_DET...
delete from COMISION_MENS_DET;
commit;
prompt Deleting COMISION_MENS_CAB...
delete from COMISION_MENS_CAB;
commit;
prompt Deleting EMPLEADO...
delete from EMPLEADO;
commit;
prompt Deleting SECCION...
delete from SECCION;
commit;
prompt Deleting COMISION...
delete from COMISION;
commit;
prompt Deleting PRODUCTO...
delete from PRODUCTO;
commit;
prompt Deleting PRESENTACION...
delete from PRESENTACION;
commit;
prompt Deleting MARCA...
delete from MARCA;
commit;
prompt Deleting UNIDAD_MEDIDA...
delete from UNIDAD_MEDIDA;
commit;
prompt Deleting TIPO_PRODUCTO...
delete from TIPO_PRODUCTO;
commit;
prompt Deleting CLIENTE...
delete from CLIENTE;
commit;
prompt Deleting CIUDAD...
delete from CIUDAD;
commit;
prompt Deleting CARGO...
delete from CARGO;
commit;
prompt Deleting CAJA...
delete from CAJA;
commit;
prompt Deleting CABECERA...
delete from CABECERA;
commit;
prompt Deleting CAB...
delete from CAB;
commit;
prompt Deleting BANCO...
delete from BANCO;
commit;
prompt Loading BANCO...
insert into BANCO (COD_BANCO, NOMBRE_BANCO, USUARIO_ALTA, USUARIO_MODIF, FECHA_ALTA, FECHA_MODIF)
values (2, 'Banco', null, null, null, null);
insert into BANCO (COD_BANCO, NOMBRE_BANCO, USUARIO_ALTA, USUARIO_MODIF, FECHA_ALTA, FECHA_MODIF)
values (8, '122', null, null, null, null);
insert into BANCO (COD_BANCO, NOMBRE_BANCO, USUARIO_ALTA, USUARIO_MODIF, FECHA_ALTA, FECHA_MODIF)
values (41, 'Banco 0 ', null, null, null, null);
insert into BANCO (COD_BANCO, NOMBRE_BANCO, USUARIO_ALTA, USUARIO_MODIF, FECHA_ALTA, FECHA_MODIF)
values (22, 'jkfgdskljds', null, null, null, null);
commit;
prompt 4 records loaded
prompt Loading CAB...
insert into CAB (ID, DSC)
values (1, 'cab1');
insert into CAB (ID, DSC)
values (2, 'cab2');
insert into CAB (ID, DSC)
values (3, 'cab3');
commit;
prompt 3 records loaded
prompt Loading CABECERA...
prompt Table is empty
prompt Loading CAJA...
insert into CAJA (COD_CAJA, NOMBRE_CAJA, USUARIO_ALTA, USUARIO_MODIF, FECHA_ALTA, FECHA_MODIF)
values (22, 'j', null, null, null, null);
insert into CAJA (COD_CAJA, NOMBRE_CAJA, USUARIO_ALTA, USUARIO_MODIF, FECHA_ALTA, FECHA_MODIF)
values (5, 'Caja 1', null, null, null, null);
insert into CAJA (COD_CAJA, NOMBRE_CAJA, USUARIO_ALTA, USUARIO_MODIF, FECHA_ALTA, FECHA_MODIF)
values (14, 'Caja 155', null, null, null, null);
insert into CAJA (COD_CAJA, NOMBRE_CAJA, USUARIO_ALTA, USUARIO_MODIF, FECHA_ALTA, FECHA_MODIF)
values (15, 'Caja x', null, null, null, null);
insert into CAJA (COD_CAJA, NOMBRE_CAJA, USUARIO_ALTA, USUARIO_MODIF, FECHA_ALTA, FECHA_MODIF)
values (12, 'Canje', null, null, null, null);
insert into CAJA (COD_CAJA, NOMBRE_CAJA, USUARIO_ALTA, USUARIO_MODIF, FECHA_ALTA, FECHA_MODIF)
values (13, 'Caja 2', null, null, null, null);
commit;
prompt 6 records loaded
prompt Loading CARGO...
insert into CARGO (COD_CARGO, NOMBRE_CARGO, USUARIO_ALTA, USUARIO_MODIF, FECHA_ALTA, FECHA_MODIF)
values (105, 'Cargo 105', null, null, null, null);
insert into CARGO (COD_CARGO, NOMBRE_CARGO, USUARIO_ALTA, USUARIO_MODIF, FECHA_ALTA, FECHA_MODIF)
values (107, 'XXXXXXXXXXx', null, null, null, null);
commit;
prompt 2 records loaded
prompt Loading CIUDAD...
insert into CIUDAD (CODCIUDAD, NOMBRECIUDAD)
values (1, 'Luque');
commit;
prompt 1 records loaded
prompt Loading CLIENTE...
insert into CLIENTE (COD_CLIENTE, NOMBRE_CLIENTE, APELLIDO_CLIENTE, NUMERO_DOC_CLIENTE, TIPO_DOD_CLIENTE, RUC_CLIENTE, DIRECCION_CLIENTE, TELEFONO1_CLIENTE, TELEFONO2_CLIENTE, MAIL_CLIENTE, CONTACTO1_CLIENTE, CONTACTO2_CLIENTE, ESTADO_CLIENTE, USUARIO_ALTA, USUARIO_MODIF, FECHA_ALTA, FECHA_MODIF, COD_CIUDAD)
values (1, 'Juan', 'Perez', '12345', '1', '1', '1', '1', '1', '1', '1', '1', 'A', null, null, to_date('24-02-2010', 'dd-mm-yyyy'), null, 1);
insert into CLIENTE (COD_CLIENTE, NOMBRE_CLIENTE, APELLIDO_CLIENTE, NUMERO_DOC_CLIENTE, TIPO_DOD_CLIENTE, RUC_CLIENTE, DIRECCION_CLIENTE, TELEFONO1_CLIENTE, TELEFONO2_CLIENTE, MAIL_CLIENTE, CONTACTO1_CLIENTE, CONTACTO2_CLIENTE, ESTADO_CLIENTE, USUARIO_ALTA, USUARIO_MODIF, FECHA_ALTA, FECHA_MODIF, COD_CIUDAD)
values (2, 'Carlos', 'Sarza', '89898', '2', '3', '2', '2', '2', '2', '2', '2', 'A', null, null, to_date('18-02-2010', 'dd-mm-yyyy'), null, 1);
commit;
prompt 2 records loaded
prompt Loading TIPO_PRODUCTO...
insert into TIPO_PRODUCTO (COD_TIPO_PRODUCTO, DESCRIPCION, TAREAS, USUARIO_ALTA, USUARIO_MODIF, FECHA_ALTA, FECHA_MODIF)
values (0, 'cero', 'S', null, null, null, null);
commit;
prompt 1 records loaded
prompt Loading UNIDAD_MEDIDA...
insert into UNIDAD_MEDIDA (COD_UNIDAD_MEDIDA, DESCRIPCION, USUARIO_ALTA, USUARIO_MODIF, FECHA_ALTA, FECHA_MODIF)
values (0, 'uni', null, null, null, null);
insert into UNIDAD_MEDIDA (COD_UNIDAD_MEDIDA, DESCRIPCION, USUARIO_ALTA, USUARIO_MODIF, FECHA_ALTA, FECHA_MODIF)
values (1, 'kilos', null, null, null, null);
insert into UNIDAD_MEDIDA (COD_UNIDAD_MEDIDA, DESCRIPCION, USUARIO_ALTA, USUARIO_MODIF, FECHA_ALTA, FECHA_MODIF)
values (2, 'Litros', null, null, null, null);
commit;
prompt 3 records loaded
prompt Loading MARCA...
insert into MARCA (COD_MARCA, NOMBRE, USUARIO_ALTA, USUARIO_MODIF, FECHA_ALTA, FECHA_MODIF)
values (1005, 'Marca 1005', null, null, null, null);
insert into MARCA (COD_MARCA, NOMBRE, USUARIO_ALTA, USUARIO_MODIF, FECHA_ALTA, FECHA_MODIF)
values (1006, 'Marca 1006', null, null, null, null);
commit;
prompt 2 records loaded
prompt Loading PRESENTACION...
insert into PRESENTACION (COD_PRESENTACION, DESCRIPCION, USUARIO_ALTA, USUARIO_MODIF, FECHA_ALTA, FECHA_MODIF)
values (0, 'cero', null, null, null, null);
commit;
prompt 1 records loaded
prompt Loading PRODUCTO...
insert into PRODUCTO (COD_PRODUCTO, DESCRIPCION, COD_MARCA, COD_PRESENTACION, COD_UNIDAD_MEDIDA, COD_TIPO_PRODUCTO, ESTADO, PRECIO_ACTUAL, COSTO_ACTUAL, CONTROLA_EXISTENCIA, CODIGO_INTERNO, FECHA_ALTA, USUARIO_ALTA, USUARIO_MODIF, FECHA_MODIF)
values (0, 'producto oº', 1005, 0, 0, 0, 'A', 1, 1, '1', '1', to_date('21-01-2010', 'dd-mm-yyyy'), '1', null, null);
commit;
prompt 1 records loaded
prompt Loading COMISION...
insert into COMISION (COD_COMISION, COD_PRODUCTO, PORCENTAJE, FEC_INICIAL, FEC_FINAL, ESTADO, USUARIO_ALTA, USUARIO_MODIF, FECHA_ALTA, FECHA_MODIF)
values (1, 0, 1, to_date('07-01-2010', 'dd-mm-yyyy'), to_date('14-01-2010', 'dd-mm-yyyy'), 'A', null, null, null, null);
commit;
prompt 1 records loaded
prompt Loading SECCION...
insert into SECCION (COD_SECCION, NOMBRE_SECCION, USUARIO_ALTA, USUARIO_MODIF, FECHA_ALTA, FECHA_MODIF)
values (103, 'Seccion 103', null, null, null, null);
insert into SECCION (COD_SECCION, NOMBRE_SECCION, USUARIO_ALTA, USUARIO_MODIF, FECHA_ALTA, FECHA_MODIF)
values (105, 'Seccion 105', null, null, null, null);
commit;
prompt 2 records loaded
prompt Loading EMPLEADO...
insert into EMPLEADO (COD_EMPLEADO, COD_CARGO, COD_SECCION, NOMBRE_EMPLEADO, APELLIDO_EMPLEADO, CIN_EMPLEADO, ESTADO_CIVIL_EMPLEADO, SEXO_EMPLEADO, NACIONALIDAD_EMPLEADO, FECHA_NACIMIENTO_EMPLEADO, DIRECCION_EMPLEADO, TELEFONO1_EMPLEADO, TELEFONO2_EMPLEADO, MAIL_EMPLEADO, FECHA_INGRESO_EMPLEADO, IPS_EMPLEADO, HIJOS_EMPLEADO, SALARIO_EMPLEADO, TIPO_EMPLEADO, ESTADO_EMPLEADO, USUARIO_ALTA, USUARIO_MODIF, FECHA_ALTA, FECHA_MODIF)
values (1, 105, 103, 'Juan', 'Caceres', '1234', 'S', 'M', 'Paraguaya', to_date('22-02-2010', 'dd-mm-yyyy'), 'Dir', '1', '2', 'mail', to_date('15-02-2010', 'dd-mm-yyyy'), '78961', 0, 1200000, 'N', 'A', 'admin', null, to_date('22-02-2010', 'dd-mm-yyyy'), null);
commit;
prompt 1 records loaded
prompt Loading COMISION_MENS_CAB...
prompt Table is empty
prompt Loading COMISION_MENS_DET...
prompt Table is empty
prompt Loading ORDEN_TRABAJO...
prompt Table is empty
prompt Loading COSTOS_FIJOS...
prompt Table is empty
prompt Loading DEPOSITO...
prompt Table is empty
prompt Loading DET...
insert into DET (ID, DSC, CAB)
values (3, 'det3', 1);
insert into DET (ID, DSC, CAB)
values (4, 'det4', 2);
insert into DET (ID, DSC, CAB)
values (5, 'det5', 2);
insert into DET (ID, DSC, CAB)
values (6, 'det6', 2);
insert into DET (ID, DSC, CAB)
values (7, 'det7', 3);
insert into DET (ID, DSC, CAB)
values (8, 'det8', 3);
insert into DET (ID, DSC, CAB)
values (9, 'det9', 3);
insert into DET (ID, DSC, CAB)
values (1, 'det1', 1);
commit;
prompt 8 records loaded
prompt Loading DETALLE...
prompt Table is empty
prompt Loading DET2...
insert into DET2 (ID, DSC, CAB)
values (3, 'det3', 1);
insert into DET2 (ID, DSC, CAB)
values (4, 'det4', 2);
insert into DET2 (ID, DSC, CAB)
values (5, 'det5', 2);
insert into DET2 (ID, DSC, CAB)
values (6, 'det6', 2);
insert into DET2 (ID, DSC, CAB)
values (7, 'det7', 3);
insert into DET2 (ID, DSC, CAB)
values (8, 'det8', 3);
insert into DET2 (ID, DSC, CAB)
values (9, 'det9', 3);
insert into DET2 (ID, DSC, CAB)
values (1, 'det1', 1);
commit;
prompt 8 records loaded
prompt Loading SOLICITUD_INTERNA...
insert into SOLICITUD_INTERNA (COD_SOLICITUD, FECHA, ESTADO, COD_EMPLEADO, COD_PRODUCTO, CANTIDAD, CANTIDAD_APROBADA, CANTIDAD_COMPRA, OBSERVACION, USUARIO_ALTA, USUARIO_MODIF, FECHA_ALTA, FECHA_MODIF)
values (1, to_date('22-02-2010', 'dd-mm-yyyy'), 'P', 1, 0, 10, 10, 0, 'Obsr', 'admin', null, to_date('22-02-2010', 'dd-mm-yyyy'), null);
commit;
prompt 1 records loaded
prompt Loading ENTRADA_SALIDA_CABECERA...
prompt Table is empty
prompt Loading ENTRADA_SALIDA_DETALLE...
prompt Table is empty
prompt Loading EXISTENCIA...
prompt Table is empty
prompt Loading TIPO_COMPROBANTE...
insert into TIPO_COMPROBANTE (COD_TIPO, DESC_TIPO, CANT_DIAS, MODULO)
values (1, 'Factura Contado - Compra', 0, 'COMPRA');
insert into TIPO_COMPROBANTE (COD_TIPO, DESC_TIPO, CANT_DIAS, MODULO)
values (2, 'Factura Crédito 15 días - Compra', 15, 'COMPRA');
insert into TIPO_COMPROBANTE (COD_TIPO, DESC_TIPO, CANT_DIAS, MODULO)
values (3, 'Factura Crédito 30 días - Compra', 30, 'COMPRA');
insert into TIPO_COMPROBANTE (COD_TIPO, DESC_TIPO, CANT_DIAS, MODULO)
values (4, 'Factura Crédito 60 días - Compra', 60, 'COMPRA');
insert into TIPO_COMPROBANTE (COD_TIPO, DESC_TIPO, CANT_DIAS, MODULO)
values (5, 'Factura Crédito 90 días - Compra', 90, 'COMPRA');
insert into TIPO_COMPROBANTE (COD_TIPO, DESC_TIPO, CANT_DIAS, MODULO)
values (6, 'Factura Crédito 120 días - Compra', 120, 'COMPRA');
insert into TIPO_COMPROBANTE (COD_TIPO, DESC_TIPO, CANT_DIAS, MODULO)
values (7, 'Factura Contado - Venta', 0, 'VENTA');
insert into TIPO_COMPROBANTE (COD_TIPO, DESC_TIPO, CANT_DIAS, MODULO)
values (8, 'Factura Crédito 15 días - Venta', 15, 'VENTA');
insert into TIPO_COMPROBANTE (COD_TIPO, DESC_TIPO, CANT_DIAS, MODULO)
values (9, 'Factura Crédito 30 días - Venta', 30, 'VENTA');
insert into TIPO_COMPROBANTE (COD_TIPO, DESC_TIPO, CANT_DIAS, MODULO)
values (10, 'Factura Crédito 60 días - Venta', 60, 'VENTA');
insert into TIPO_COMPROBANTE (COD_TIPO, DESC_TIPO, CANT_DIAS, MODULO)
values (11, 'Factura Crédito 90 días - Venta', 90, 'VENTA');
insert into TIPO_COMPROBANTE (COD_TIPO, DESC_TIPO, CANT_DIAS, MODULO)
values (12, 'Factura Crédito 120 días - Venta', 120, 'VENTA');
insert into TIPO_COMPROBANTE (COD_TIPO, DESC_TIPO, CANT_DIAS, MODULO)
values (13, 'Nota de Crédito - Proveedor', 0, 'PAGO PROVEEDOR');
insert into TIPO_COMPROBANTE (COD_TIPO, DESC_TIPO, CANT_DIAS, MODULO)
values (14, 'Nota de Crédito - Cliente', 0, 'COBRANZA');
insert into TIPO_COMPROBANTE (COD_TIPO, DESC_TIPO, CANT_DIAS, MODULO)
values (15, 'Recibo de Dinero - Cobranza', 0, 'COBRANZA');
insert into TIPO_COMPROBANTE (COD_TIPO, DESC_TIPO, CANT_DIAS, MODULO)
values (16, 'Movimiento de Caja - Cobranza', 0, 'COBRANZA');
insert into TIPO_COMPROBANTE (COD_TIPO, DESC_TIPO, CANT_DIAS, MODULO)
values (17, 'Pedido - Cliente', 0, 'PEDIDO CLIENTE');
commit;
prompt 17 records loaded
prompt Loading PEDIDO_CABECERA...
insert into PEDIDO_CABECERA (COD_PEDIDO, NUMERO_PEDIDO, COD_EMPLEADO, COD_CLIENTE, FECHA_PEDIDO, ESTADO_PEDIDO, USUARIO_ALTA, USUARIO_MODIF, FECHA_ALTA, FECHA_MODIF, TIPO, SUB_TOTAL, TOTAL_IVA, PORC_DESCUENTO, MONTO_DESCUENTO, TOTAL)
values (1045, '3', 1, 1, to_date('02-02-2010', 'dd-mm-yyyy'), 'PENDIENTE', null, null, null, null, 17, 63925, 4250, 10, 7242, 65183);
insert into PEDIDO_CABECERA (COD_PEDIDO, NUMERO_PEDIDO, COD_EMPLEADO, COD_CLIENTE, FECHA_PEDIDO, ESTADO_PEDIDO, USUARIO_ALTA, USUARIO_MODIF, FECHA_ALTA, FECHA_MODIF, TIPO, SUB_TOTAL, TOTAL_IVA, PORC_DESCUENTO, MONTO_DESCUENTO, TOTAL)
values (52000, '1', 1, 1, to_date('01-02-2010', 'dd-mm-yyyy'), 'PENDIENTE', null, null, null, null, 17, 137830, 7700, 10, 15323, 137907);
commit;
prompt 2 records loaded
prompt Loading FACTURA_CABECERA...
insert into FACTURA_CABECERA (COD_FACTURA, NUMERO_FACTURA, COD_PEDIDO, COD_CLIENTE, COD_EMPLEADO, TIPO_FACTURA, FECHA_FACTURA, SUBTOTAL_FACTURA, TOTAL_IVA_FACTURA, TOTAL_FACTURA, ESTADO_FACTURA, USUARIO_ALTA, USUARIO_MODIF, FECHA_ALTA, FECHA_MODIF, PORC_DESCUENTO, MONTO_DESCUENTO)
values (1000, 1, null, 1, 1, 7, to_date('01-02-2010', 'dd-mm-yyyy'), 1031257, 15950, 1063157, 'PENDIENTE_COBRO', null, null, null, null, 0, 0);
commit;
prompt 1 records loaded
prompt Loading PROVEEDOR...
insert into PROVEEDOR (COD_PROVEEDOR, NOMBRE_PROVEEDOR, RUC_PROVEEDOR, TELEFONO1_PROVEEDOR, TELEFONO2_PROVEEDOR, DIRECCION_PROVEEDOR, MAIL_PROVEEDOR, CONTACTO_PROVEEDOR, ESTADO_PROVEEDOR, USUARIO_ALTA, USUARIO_MODIF, FECHA_ALTA, FECHA_MODIF)
values (1, 'Proveeodor 1', '1', '1', '1', '1', '1', '1', 'A', '1', null, to_date('18-02-2010', 'dd-mm-yyyy'), null);
commit;
prompt 1 records loaded
prompt Loading FACTURA_COMPRA_CAB...
insert into FACTURA_COMPRA_CAB (COD_FAC_COM_CAB, NRO_FACTURA, NRO_SOLICITUD, FECHA, COD_PROVEEDOR, TIPO, COD_ENT_SAL, ESTADO, SUB_TOTAL, TOTA_IVA, TOTAL, USUARIO_ALTA, USUARIO_MODIF, FECHA_ALTA, FECHA_MODIF)
values (44, '001-001-123457', null, to_date('03-02-2010', 'dd-mm-yyyy'), 1, 1, null, 'P', 60000, 1500, 61500, null, null, null, null);
commit;
prompt 1 records loaded
prompt Loading FACTURA_COMPRA_DET...
insert into FACTURA_COMPRA_DET (COD_FAC_COM_DET, COD_FAC_COM_CAB, COD_PRODUCTO, PRECIO_UNI, CANTIDAD, TOTAL, MONTO_IVA, USUARIO_ALTA, USUARIO_MODIF, FECHA_ALTA, FECHA_MODIF, PORC_IVA, NRO_SOLICITUD)
values (61, 44, 0, 1000, 10, 10000, 0, null, null, null, null, 0, 1);
insert into FACTURA_COMPRA_DET (COD_FAC_COM_DET, COD_FAC_COM_CAB, COD_PRODUCTO, PRECIO_UNI, CANTIDAD, TOTAL, MONTO_IVA, USUARIO_ALTA, USUARIO_MODIF, FECHA_ALTA, FECHA_MODIF, PORC_IVA, NRO_SOLICITUD)
values (62, 44, 0, 2000, 10, 20000, 0, null, null, null, null, 0, 1);
insert into FACTURA_COMPRA_DET (COD_FAC_COM_DET, COD_FAC_COM_CAB, COD_PRODUCTO, PRECIO_UNI, CANTIDAD, TOTAL, MONTO_IVA, USUARIO_ALTA, USUARIO_MODIF, FECHA_ALTA, FECHA_MODIF, PORC_IVA, NRO_SOLICITUD)
values (45, 44, 0, 3000, 10, 31500, 1500, null, null, null, null, 5, 1);
commit;
prompt 3 records loaded
prompt Loading FACTURA_DETALLE...
insert into FACTURA_DETALLE (COD_FACTURA_DETALLE, COD_FACTURA, COD_PRODUCTO, PRECIO_UNITARIO, CANTIDAD, PORCENTAJE_IVA, TOTAL_IVA, SUB_TOTAL, USUARIO_ALTA, USUARIO_MODIF, FECHA_ALTA, FECHA_MODIF)
values (2, 1000, 0, 1, 950000, 0, 0, 883500, null, null, null, null);
insert into FACTURA_DETALLE (COD_FACTURA_DETALLE, COD_FACTURA, COD_PRODUCTO, PRECIO_UNITARIO, CANTIDAD, PORCENTAJE_IVA, TOTAL_IVA, SUB_TOTAL, USUARIO_ALTA, USUARIO_MODIF, FECHA_ALTA, FECHA_MODIF)
values (3, 1000, 0, 1, 1000, 5, 50, 1050, null, null, null, null);
insert into FACTURA_DETALLE (COD_FACTURA_DETALLE, COD_FACTURA, COD_PRODUCTO, PRECIO_UNITARIO, CANTIDAD, PORCENTAJE_IVA, TOTAL_IVA, SUB_TOTAL, USUARIO_ALTA, USUARIO_MODIF, FECHA_ALTA, FECHA_MODIF)
values (4, 1000, 0, 1, 159000, 10, 15900, 162657, null, null, null, null);
commit;
prompt 3 records loaded
prompt Loading FORMA_PAGO...
insert into FORMA_PAGO (COD_FORMA_PAGO, NOMBRE_FORMA_PAGO, COD_BANCO, USUARIO_ALTA, USUARIO_MODIF, FECHA_ALTA, FECHA_MODIF)
values (21, 'Chequessss', 41, null, null, null, null);
insert into FORMA_PAGO (COD_FORMA_PAGO, NOMBRE_FORMA_PAGO, COD_BANCO, USUARIO_ALTA, USUARIO_MODIF, FECHA_ALTA, FECHA_MODIF)
values (47, 'Probando', null, null, null, null, null);
insert into FORMA_PAGO (COD_FORMA_PAGO, NOMBRE_FORMA_PAGO, COD_BANCO, USUARIO_ALTA, USUARIO_MODIF, FECHA_ALTA, FECHA_MODIF)
values (1, 'Efectivo', 2, null, null, null, null);
insert into FORMA_PAGO (COD_FORMA_PAGO, NOMBRE_FORMA_PAGO, COD_BANCO, USUARIO_ALTA, USUARIO_MODIF, FECHA_ALTA, FECHA_MODIF)
values (48, 'Probando insert', null, null, null, null, null);
insert into FORMA_PAGO (COD_FORMA_PAGO, NOMBRE_FORMA_PAGO, COD_BANCO, USUARIO_ALTA, USUARIO_MODIF, FECHA_ALTA, FECHA_MODIF)
values (50, 'formd111', 41, null, null, null, null);
insert into FORMA_PAGO (COD_FORMA_PAGO, NOMBRE_FORMA_PAGO, COD_BANCO, USUARIO_ALTA, USUARIO_MODIF, FECHA_ALTA, FECHA_MODIF)
values (7, 'Canje', 8, null, null, null, null);
insert into FORMA_PAGO (COD_FORMA_PAGO, NOMBRE_FORMA_PAGO, COD_BANCO, USUARIO_ALTA, USUARIO_MODIF, FECHA_ALTA, FECHA_MODIF)
values (0, 'Probandop', 2, null, null, null, null);
insert into FORMA_PAGO (COD_FORMA_PAGO, NOMBRE_FORMA_PAGO, COD_BANCO, USUARIO_ALTA, USUARIO_MODIF, FECHA_ALTA, FECHA_MODIF)
values (-1, 'Forma desde SQLPLUS', 8, null, null, null, null);
commit;
prompt 8 records loaded
prompt Loading FORMULA_CABECERA...
prompt Table is empty
prompt Loading FORMULA_DETALLE...
prompt Table is empty
prompt Loading FORMULA_SEMI_CABECERA...
prompt Table is empty
prompt Loading FORMULA_SEMI_DETALLE...
prompt Table is empty
prompt Loading HABILITACION_CAJA...
prompt Table is empty
prompt Loading GASTO...
prompt Table is empty
prompt Loading HISTORICO_COSTO...
prompt Table is empty
prompt Loading HISTORICO_PRECIO...
prompt Table is empty
prompt Loading INVENTARIO_CABECERA...
prompt Table is empty
prompt Loading INVENTARIO_DETALLE...
prompt Table is empty
prompt Loading RECIBO_CABECERA...
prompt Table is empty
prompt Loading MOVIMIENTO_CAJA_CABECERA...
prompt Table is empty
prompt Loading MOVIMIENTO_CAJA_DETALLE...
prompt Table is empty
prompt Loading NOTA_CREDITO_CLI_CABECERA...
prompt Table is empty
prompt Loading NOTA_CREDITO_CLI_DETALLE...
prompt Table is empty
prompt Loading NOTA_CREDITO_PROV_CAB...
prompt Table is empty
prompt Loading NOTA_CREDITO_PROV_DET...
prompt Table is empty
prompt Loading ORDEN_TRABAJO_DETALLE...
prompt Table is empty
prompt Loading PEDIDO_DETALLE...
insert into PEDIDO_DETALLE (COD_PEDIDO_DETALLE, COD_PEDIDO, COD_PRODUCTO, CANTIDAD_PEDIDA, CANTIDAD_ENTREGADA, PRECIO_UNITARIO, TOTAL, USUARIO_ALTA, USUARIO_MODIF, FECHA_ALTA, FECHA_MODIF, PORC_IVA, MONTO_IVA)
values (1035, 1045, 0, 1500, 1500, 1, 1350, null, null, null, null, 0, 0);
insert into PEDIDO_DETALLE (COD_PEDIDO_DETALLE, COD_PEDIDO, COD_PRODUCTO, CANTIDAD_PEDIDA, CANTIDAD_ENTREGADA, PRECIO_UNITARIO, TOTAL, USUARIO_ALTA, USUARIO_MODIF, FECHA_ALTA, FECHA_MODIF, PORC_IVA, MONTO_IVA)
values (1036, 1045, 0, 15000, 15000, 1, 14850, null, null, null, null, 10, 1500);
insert into PEDIDO_DETALLE (COD_PEDIDO_DETALLE, COD_PEDIDO, COD_PRODUCTO, CANTIDAD_PEDIDA, CANTIDAD_ENTREGADA, PRECIO_UNITARIO, TOTAL, USUARIO_ALTA, USUARIO_MODIF, FECHA_ALTA, FECHA_MODIF, PORC_IVA, MONTO_IVA)
values (1037, 1045, 0, 55000, 55000, 1, 51975, null, null, null, null, 5, 2750);
insert into PEDIDO_DETALLE (COD_PEDIDO_DETALLE, COD_PEDIDO, COD_PRODUCTO, CANTIDAD_PEDIDA, CANTIDAD_ENTREGADA, PRECIO_UNITARIO, TOTAL, USUARIO_ALTA, USUARIO_MODIF, FECHA_ALTA, FECHA_MODIF, PORC_IVA, MONTO_IVA)
values (1038, 52000, 0, 77000, 77000, 1, 72765, null, null, null, null, 5, 3850);
insert into PEDIDO_DETALLE (COD_PEDIDO_DETALLE, COD_PEDIDO, COD_PRODUCTO, CANTIDAD_PEDIDA, CANTIDAD_ENTREGADA, PRECIO_UNITARIO, TOTAL, USUARIO_ALTA, USUARIO_MODIF, FECHA_ALTA, FECHA_MODIF, PORC_IVA, MONTO_IVA)
values (1039, 52000, 0, 77000, 77000, 1, 72765, null, null, null, null, 5, 3850);
commit;
prompt 5 records loaded
prompt Loading PERDIDA...
prompt Table is empty
prompt Loading TAREA...
prompt Table is empty
prompt Loading TAREA_ASIGNADA...
prompt Table is empty
prompt Loading PRODUCCION_DIARIA...
prompt Table is empty
prompt Loading RECIBO_DETALLE...
prompt Table is empty
prompt Loading RECURSO_ASIGNADO...
prompt Table is empty
prompt Loading SALDO_CLIENTE...
prompt Table is empty
prompt Loading TAREA_FORMULA...
prompt Table is empty
prompt Enabling foreign key constraints for CLIENTE...
alter table CLIENTE enable constraint FK_CLI_CIU;
prompt Enabling foreign key constraints for PRODUCTO...
alter table PRODUCTO enable constraint PRODUCTO_FK4;
alter table PRODUCTO enable constraint PRODUCTO_MARCA_FK;
alter table PRODUCTO enable constraint PRODUCTO_PRESENTACION;
alter table PRODUCTO enable constraint PRODUCTO_UNIDAD_MEDIDA;
prompt Enabling foreign key constraints for COMISION...
alter table COMISION enable constraint FK_COMISION_PRODUCTO;
prompt Enabling foreign key constraints for EMPLEADO...
alter table EMPLEADO enable constraint EMPLEADO_CARGO_FK2;
alter table EMPLEADO enable constraint EMPLEADO_SECCION_FK3;
prompt Enabling foreign key constraints for COMISION_MENS_CAB...
alter table COMISION_MENS_CAB enable constraint COMISION_MENS_CAB_FK;
prompt Enabling foreign key constraints for COMISION_MENS_DET...
alter table COMISION_MENS_DET enable constraint FK_COMISION_MENS_CABDET;
alter table COMISION_MENS_DET enable constraint FK_COMISION_MENS_DET_PROD;
prompt Enabling foreign key constraints for ORDEN_TRABAJO...
alter table ORDEN_TRABAJO enable constraint ORDEN_TRABAJO_EMPLEADO_FK2;
alter table ORDEN_TRABAJO enable constraint ORDEN_TRABAJO_EMPLEADO_FK3;
alter table ORDEN_TRABAJO enable constraint ORDEN_TRABAJO_PRODUCTO_FK;
prompt Enabling foreign key constraints for COSTOS_FIJOS...
alter table COSTOS_FIJOS enable constraint COSTOS_FIJOS_OT_FK;
prompt Enabling foreign key constraints for DET...
alter table DET enable constraint FK_DET_CAB;
prompt Enabling foreign key constraints for DETALLE...
alter table DETALLE enable constraint CAB_DET;
prompt Enabling foreign key constraints for DET2...
alter table DET2 enable constraint FK_DET2_CAB;
prompt Enabling foreign key constraints for SOLICITUD_INTERNA...
alter table SOLICITUD_INTERNA enable constraint FK_SOLICITUD_PRODUCTO;
alter table SOLICITUD_INTERNA enable constraint SOLICITUD_EMPLEADO;
prompt Enabling foreign key constraints for ENTRADA_SALIDA_CABECERA...
alter table ENTRADA_SALIDA_CABECERA enable constraint ENT_SAL_DEPOSITO_FK;
alter table ENTRADA_SALIDA_CABECERA enable constraint ENT_SAL_EMPLEADO_FK;
alter table ENTRADA_SALIDA_CABECERA enable constraint ENT_SAL_ENCARGADO_FK;
alter table ENTRADA_SALIDA_CABECERA enable constraint FK_ENT_SAL_CABECERA_SOLICITUD;
prompt Enabling foreign key constraints for ENTRADA_SALIDA_DETALLE...
alter table ENTRADA_SALIDA_DETALLE enable constraint CAB_DET_ENT_SAL;
alter table ENTRADA_SALIDA_DETALLE enable constraint ENT_SAL_PRODUCTO;
prompt Enabling foreign key constraints for EXISTENCIA...
alter table EXISTENCIA enable constraint EXISTENCIA_DEPOSITO_FK;
alter table EXISTENCIA enable constraint EXISTENCIA_PRODUCTO_FK;
prompt Enabling foreign key constraints for PEDIDO_CABECERA...
alter table PEDIDO_CABECERA enable constraint FK_PEDIDOCAB_TIPCOMPRO;
alter table PEDIDO_CABECERA enable constraint PEDIDO_CLIENTE_FK;
alter table PEDIDO_CABECERA enable constraint PEDIDO_EMPLEADO_FK;
prompt Enabling foreign key constraints for FACTURA_CABECERA...
alter table FACTURA_CABECERA enable constraint FACTURA_CABECERA_FK3;
alter table FACTURA_CABECERA enable constraint FACTURA_CLIENTE_FK;
alter table FACTURA_CABECERA enable constraint FACTURA_PEDIDO_FK;
alter table FACTURA_CABECERA enable constraint FK_FACTURACAB_TIPCOMPRO;
prompt Enabling foreign key constraints for FACTURA_COMPRA_CAB...
alter table FACTURA_COMPRA_CAB enable constraint FACTURA_COMPRA_CAB_PROV;
alter table FACTURA_COMPRA_CAB enable constraint FK_FACCOMCAB_TIPCOMPRO;
alter table FACTURA_COMPRA_CAB enable constraint FK_FACTURA_COMPRA_CAB_ENTSAL;
alter table FACTURA_COMPRA_CAB enable constraint FK_FACTURA_COMPRA_CAB_SOL;
prompt Enabling foreign key constraints for FACTURA_COMPRA_DET...
alter table FACTURA_COMPRA_DET enable constraint FK_COMPRA_DET_SOLICITUD;
alter table FACTURA_COMPRA_DET enable constraint FK_FACTURA_COMPRA_DET_CAB;
alter table FACTURA_COMPRA_DET enable constraint FK_FACTURA_COMPRA_DET_PROD;
prompt Enabling foreign key constraints for FACTURA_DETALLE...
alter table FACTURA_DETALLE enable constraint FACTURA_DETALLE_FK;
alter table FACTURA_DETALLE enable constraint FACTURA_PRODUCTO_FK;
prompt Enabling foreign key constraints for FORMA_PAGO...
alter table FORMA_PAGO enable constraint FORMA_PAGO_BANCO_FK;
prompt Enabling foreign key constraints for FORMULA_CABECERA...
alter table FORMULA_CABECERA enable constraint FORMULA_PRODUCTO;
prompt Enabling foreign key constraints for FORMULA_DETALLE...
alter table FORMULA_DETALLE enable constraint FORMULA_CABECERA_DETALLE;
alter table FORMULA_DETALLE enable constraint FORMULA_DETALLE_FK2;
prompt Enabling foreign key constraints for FORMULA_SEMI_CABECERA...
alter table FORMULA_SEMI_CABECERA enable constraint FORMULA_SEMI_CAB_PRODUC_FK;
prompt Enabling foreign key constraints for FORMULA_SEMI_DETALLE...
alter table FORMULA_SEMI_DETALLE enable constraint FORMULA_SEMI_CAB_DET_FK;
alter table FORMULA_SEMI_DETALLE enable constraint FORMULA_SEMI_DET_PROD_FK;
prompt Enabling foreign key constraints for HABILITACION_CAJA...
alter table HABILITACION_CAJA enable constraint HABILITACION_CAJA_CAJA_FK;
alter table HABILITACION_CAJA enable constraint HABILITACION_CAJA_EMPLEADO_FK;
alter table HABILITACION_CAJA enable constraint HABILITACION_CAJA_RESP_FK;
prompt Enabling foreign key constraints for GASTO...
alter table GASTO enable constraint GASTO_EMPLEADO;
alter table GASTO enable constraint GASTO_HAB_CAJA_FK;
prompt Enabling foreign key constraints for HISTORICO_COSTO...
alter table HISTORICO_COSTO enable constraint FK_HISTORICO_COSTO_PRODUCTO;
prompt Enabling foreign key constraints for HISTORICO_PRECIO...
alter table HISTORICO_PRECIO enable constraint FK_HISTORICO_PRECIO_PRODUCTO;
prompt Enabling foreign key constraints for INVENTARIO_CABECERA...
alter table INVENTARIO_CABECERA enable constraint INVENTARIO_CABECERA_FK;
prompt Enabling foreign key constraints for INVENTARIO_DETALLE...
alter table INVENTARIO_DETALLE enable constraint INVENTARIO_ CAB_DETALLE_FK2;
alter table INVENTARIO_DETALLE enable constraint INVENTARIO_DETALLE_PRODUCTO;
prompt Enabling foreign key constraints for RECIBO_CABECERA...
alter table RECIBO_CABECERA enable constraint RECIBO_CLIENTE_FK;
prompt Enabling foreign key constraints for MOVIMIENTO_CAJA_CABECERA...
alter table MOVIMIENTO_CAJA_CABECERA enable constraint MOVIMIENTO_CAJA_EMPLEADO_FK3;
alter table MOVIMIENTO_CAJA_CABECERA enable constraint MOVIMIENTO_CAJA_HAB_CAJA_FK;
alter table MOVIMIENTO_CAJA_CABECERA enable constraint MOVIMIENTO_CAJA_RECIBO_FK2;
prompt Enabling foreign key constraints for MOVIMIENTO_CAJA_DETALLE...
alter table MOVIMIENTO_CAJA_DETALLE enable constraint MOV_CAJA_CAB_DET_FK;
alter table MOVIMIENTO_CAJA_DETALLE enable constraint MOV_CAJA_FORMA_PAGO_FK;
prompt Enabling foreign key constraints for NOTA_CREDITO_CLI_CABECERA...
alter table NOTA_CREDITO_CLI_CABECERA enable constraint NOTA_CREDITO_CLI_CLIENTE;
alter table NOTA_CREDITO_CLI_CABECERA enable constraint NOTA_CREDITO_CLI_EMPLEADO;
alter table NOTA_CREDITO_CLI_CABECERA enable constraint NOTA_CREDITO_CLI_FACTURA;
prompt Enabling foreign key constraints for NOTA_CREDITO_CLI_DETALLE...
alter table NOTA_CREDITO_CLI_DETALLE enable constraint NOTA_CREDITO_CLI_DETALLE_FK;
alter table NOTA_CREDITO_CLI_DETALLE enable constraint NOTA_CREDITO_CLI_PRODUCTO_FK;
prompt Enabling foreign key constraints for NOTA_CREDITO_PROV_CAB...
alter table NOTA_CREDITO_PROV_CAB enable constraint FK_NOTA_CREDITO_PROV_CAB_FAC;
alter table NOTA_CREDITO_PROV_CAB enable constraint FK_NOT_CRE_PROV_CAB_PROV;
prompt Enabling foreign key constraints for NOTA_CREDITO_PROV_DET...
alter table NOTA_CREDITO_PROV_DET enable constraint FK_NOTA_CREDITO_PROV_DETCAB;
alter table NOTA_CREDITO_PROV_DET enable constraint NOTA_CRED_PROV_DET_PRODUCTO_FK;
prompt Enabling foreign key constraints for ORDEN_TRABAJO_DETALLE...
alter table ORDEN_TRABAJO_DETALLE enable constraint OT_CAB_DETALLE_FK;
alter table ORDEN_TRABAJO_DETALLE enable constraint OT_DET_EMPLEADO_FK2;
alter table ORDEN_TRABAJO_DETALLE enable constraint OT_DET_PRODUCTO_FK;
prompt Enabling foreign key constraints for PEDIDO_DETALLE...
alter table PEDIDO_DETALLE enable constraint PEDIDO_DETALLE_FK;
alter table PEDIDO_DETALLE enable constraint PEDIDO_PRODUCTO_FK;
prompt Enabling foreign key constraints for PERDIDA...
alter table PERDIDA enable constraint PERDIDA_EMPLEADO_FK;
alter table PERDIDA enable constraint PERDIDA_PRODUCTO_FK;
prompt Enabling foreign key constraints for TAREA_ASIGNADA...
alter table TAREA_ASIGNADA enable constraint FK_TAREA_ASIGNADA;
alter table TAREA_ASIGNADA enable constraint FK_TAREA_ASIGNADA_DET_OT;
alter table TAREA_ASIGNADA enable constraint FK_TAREA_ASIGNADA_EMP;
prompt Enabling foreign key constraints for PRODUCCION_DIARIA...
alter table PRODUCCION_DIARIA enable constraint FK_PRODUCCION_DIARIA_EMPLEADO;
alter table PRODUCCION_DIARIA enable constraint FK_PRODUCCION_DIARIA_TAREA;
prompt Enabling foreign key constraints for RECIBO_DETALLE...
alter table RECIBO_DETALLE enable constraint RECIBO_DETALLE_CAB_FK;
alter table RECIBO_DETALLE enable constraint RECIBO_DETALLE_FACTURA_FK;
alter table RECIBO_DETALLE enable constraint RECIBO_DETALLE_NOTA_CRED_FK;
prompt Enabling foreign key constraints for RECURSO_ASIGNADO...
alter table RECURSO_ASIGNADO enable constraint FK_RECURSO_ASIGNADO_OT_DET;
alter table RECURSO_ASIGNADO enable constraint FK_RECURSO_ASIGNADO_PRODUCTO;
prompt Enabling foreign key constraints for SALDO_CLIENTE...
alter table SALDO_CLIENTE enable constraint SALDO_CLIENTE_FK;
prompt Enabling foreign key constraints for TAREA_FORMULA...
alter table TAREA_FORMULA enable constraint TAREA_FORMULA_DET_FK;
alter table TAREA_FORMULA enable constraint TAREA_FORMULA_FK;
prompt Enabling triggers for BANCO...
alter table BANCO enable all triggers;
prompt Enabling triggers for CAB...
alter table CAB enable all triggers;
prompt Enabling triggers for CABECERA...
alter table CABECERA enable all triggers;
prompt Enabling triggers for CAJA...
alter table CAJA enable all triggers;
prompt Enabling triggers for CARGO...
alter table CARGO enable all triggers;
prompt Enabling triggers for CIUDAD...
alter table CIUDAD enable all triggers;
prompt Enabling triggers for CLIENTE...
alter table CLIENTE enable all triggers;
prompt Enabling triggers for TIPO_PRODUCTO...
alter table TIPO_PRODUCTO enable all triggers;
prompt Enabling triggers for UNIDAD_MEDIDA...
alter table UNIDAD_MEDIDA enable all triggers;
prompt Enabling triggers for MARCA...
alter table MARCA enable all triggers;
prompt Enabling triggers for PRESENTACION...
alter table PRESENTACION enable all triggers;
prompt Enabling triggers for PRODUCTO...
alter table PRODUCTO enable all triggers;
prompt Enabling triggers for COMISION...
alter table COMISION enable all triggers;
prompt Enabling triggers for SECCION...
alter table SECCION enable all triggers;
prompt Enabling triggers for EMPLEADO...
alter table EMPLEADO enable all triggers;
prompt Enabling triggers for COMISION_MENS_CAB...
alter table COMISION_MENS_CAB enable all triggers;
prompt Enabling triggers for COMISION_MENS_DET...
alter table COMISION_MENS_DET enable all triggers;
prompt Enabling triggers for ORDEN_TRABAJO...
alter table ORDEN_TRABAJO enable all triggers;
prompt Enabling triggers for COSTOS_FIJOS...
alter table COSTOS_FIJOS enable all triggers;
prompt Enabling triggers for DEPOSITO...
alter table DEPOSITO enable all triggers;
prompt Enabling triggers for DET...
alter table DET enable all triggers;
prompt Enabling triggers for DETALLE...
alter table DETALLE enable all triggers;
prompt Enabling triggers for DET2...
alter table DET2 enable all triggers;
prompt Enabling triggers for SOLICITUD_INTERNA...
alter table SOLICITUD_INTERNA enable all triggers;
prompt Enabling triggers for ENTRADA_SALIDA_CABECERA...
alter table ENTRADA_SALIDA_CABECERA enable all triggers;
prompt Enabling triggers for ENTRADA_SALIDA_DETALLE...
alter table ENTRADA_SALIDA_DETALLE enable all triggers;
prompt Enabling triggers for EXISTENCIA...
alter table EXISTENCIA enable all triggers;
prompt Enabling triggers for TIPO_COMPROBANTE...
alter table TIPO_COMPROBANTE enable all triggers;
prompt Enabling triggers for PEDIDO_CABECERA...
alter table PEDIDO_CABECERA enable all triggers;
prompt Enabling triggers for FACTURA_CABECERA...
alter table FACTURA_CABECERA enable all triggers;
prompt Enabling triggers for PROVEEDOR...
alter table PROVEEDOR enable all triggers;
prompt Enabling triggers for FACTURA_COMPRA_CAB...
alter table FACTURA_COMPRA_CAB enable all triggers;
prompt Enabling triggers for FACTURA_COMPRA_DET...
alter table FACTURA_COMPRA_DET enable all triggers;
prompt Enabling triggers for FACTURA_DETALLE...
alter table FACTURA_DETALLE enable all triggers;
prompt Enabling triggers for FORMA_PAGO...
alter table FORMA_PAGO enable all triggers;
prompt Enabling triggers for FORMULA_CABECERA...
alter table FORMULA_CABECERA enable all triggers;
prompt Enabling triggers for FORMULA_DETALLE...
alter table FORMULA_DETALLE enable all triggers;
prompt Enabling triggers for FORMULA_SEMI_CABECERA...
alter table FORMULA_SEMI_CABECERA enable all triggers;
prompt Enabling triggers for FORMULA_SEMI_DETALLE...
alter table FORMULA_SEMI_DETALLE enable all triggers;
prompt Enabling triggers for HABILITACION_CAJA...
alter table HABILITACION_CAJA enable all triggers;
prompt Enabling triggers for GASTO...
alter table GASTO enable all triggers;
prompt Enabling triggers for HISTORICO_COSTO...
alter table HISTORICO_COSTO enable all triggers;
prompt Enabling triggers for HISTORICO_PRECIO...
alter table HISTORICO_PRECIO enable all triggers;
prompt Enabling triggers for INVENTARIO_CABECERA...
alter table INVENTARIO_CABECERA enable all triggers;
prompt Enabling triggers for INVENTARIO_DETALLE...
alter table INVENTARIO_DETALLE enable all triggers;
prompt Enabling triggers for RECIBO_CABECERA...
alter table RECIBO_CABECERA enable all triggers;
prompt Enabling triggers for MOVIMIENTO_CAJA_CABECERA...
alter table MOVIMIENTO_CAJA_CABECERA enable all triggers;
prompt Enabling triggers for MOVIMIENTO_CAJA_DETALLE...
alter table MOVIMIENTO_CAJA_DETALLE enable all triggers;
prompt Enabling triggers for NOTA_CREDITO_CLI_CABECERA...
alter table NOTA_CREDITO_CLI_CABECERA enable all triggers;
prompt Enabling triggers for NOTA_CREDITO_CLI_DETALLE...
alter table NOTA_CREDITO_CLI_DETALLE enable all triggers;
prompt Enabling triggers for NOTA_CREDITO_PROV_CAB...
alter table NOTA_CREDITO_PROV_CAB enable all triggers;
prompt Enabling triggers for NOTA_CREDITO_PROV_DET...
alter table NOTA_CREDITO_PROV_DET enable all triggers;
prompt Enabling triggers for ORDEN_TRABAJO_DETALLE...
alter table ORDEN_TRABAJO_DETALLE enable all triggers;
prompt Enabling triggers for PEDIDO_DETALLE...
alter table PEDIDO_DETALLE enable all triggers;
prompt Enabling triggers for PERDIDA...
alter table PERDIDA enable all triggers;
prompt Enabling triggers for TAREA...
alter table TAREA enable all triggers;
prompt Enabling triggers for TAREA_ASIGNADA...
alter table TAREA_ASIGNADA enable all triggers;
prompt Enabling triggers for PRODUCCION_DIARIA...
alter table PRODUCCION_DIARIA enable all triggers;
prompt Enabling triggers for RECIBO_DETALLE...
alter table RECIBO_DETALLE enable all triggers;
prompt Enabling triggers for RECURSO_ASIGNADO...
alter table RECURSO_ASIGNADO enable all triggers;
prompt Enabling triggers for SALDO_CLIENTE...
alter table SALDO_CLIENTE enable all triggers;
prompt Enabling triggers for TAREA_FORMULA...
alter table TAREA_FORMULA enable all triggers;
set feedback on
set define on
prompt Done.
